brand,sku,category,compatiblePrinter,msrp,purchasePackQty,descriptor,upc,userComments
Bambu Lab,FAH022,Silicone Sock,H2S,2.99,3,Silicone Sock for Hotend H2 Series,,H2 Series 3pk
Bambu Lab,FAC034,Filament Cutter,H2S,2.99,1,Replacement Filament Cutter,,X1/P1/A1Series/H2S
Bambu Lab,SAA034,Support Shaft Assembly,AMS 2 Pro,5.99,1,AMS 2 Pro Active Support Shaft,6977252428897,AMS 2 Pro
Bambu Lab,SAA033,Support Shaft Assembly,AMS 2 Pro,7.49,1,AMS 2 Pro Driven Support Shaft,6977252428910,AMS 2 Pro
Bambu Lab,FAC147,Purge Wiper,H2S,9.99,1,Purge Wiper H2S,6937285505446,H2S and H2S Laser
Bambu Lab,FAC224,PTFE Cleaning Pad,All Series,2.99,10,PTFE Adapter Filament II Cleaning Pad,6937285509284,All Series - 10pk
Bambu Lab,SL009,Cleaning Wipes,Generic,7.99,50,Cleaning Wipes - 50pk,6937285507389,General Cleaning Wipes
Bambu Lab,FAZ037,Anti-Vibration Feet,H2S,4.99,1,Anti-Vibration Feet Set H2 Series,6937285500205,H2 Series
Bambu Lab,SAA029,Desiccant,AMS 2 Pro,3.99,6,Desiccant for AMS Unit,6977252428873,All Series - 6pk
Bambu Lab,FAZ030,Lubricant,All Series,3.99,2,Lubricant Grease,6977252427241,All Series - 2pk
Bambu Lab,FAZ031,Lubricant,All Series,5.99,6,Lubricant Oil,6977252427258,All Series - 6pk
Bambu Lab,FAC116,Air Filter,H2S,17.99,1,Air Filter H2 Series,6937285501479,H2 Series
Bambu Lab,FAH026,Nozzle,H2S,17.84,1,Standard Flow 0.2mm Stainless Steel,6937285501301,
Bambu Lab,FAH023,Nozzle,H2S,17.84,1,Standard Flow 0.4mm Hardened Steel,6937285500144,
Bambu Lab,FAH030,Nozzle,H2S,49.39,1,High Flow 0.4mm Hardened Steel,6937285501400,
Bambu Lab,FAH043,Nozzle,H2S,89.99,1,High Flow 0.4mm Tungsten Carbide,6937285504500,
Bambu Lab,FAH040,Nozzle,H2S,59.99,1,Standard Flow 0.4mm Tungsten Carbide,6937285504531,
Bambu Lab,FAP026,Build Plate,H2S,43.39,1,Smooth PEI Plate,6937285501905,H2S
Bambu Lab,FAP025,Build Plate,H2S,61.99,1,Textured PEI Plate,6937285501356,H2S
Bambu Lab,FAP038,Build Plate,H2S,59.99,1,Engineering Plate,6937285510402,H2S
Bambu Lab,FAP040,Build Plate,H2S,59.99,1,Cool Plate (SuperTack),6937285512512,H2S
Bambu Lab,FAP031,Vision Encoder,H2S,84.0,1,Vision Encoder H2 Series,6937285503206,H2 Series
Bambu Lab,FAZ013,PTFE Adapter,All Series,4.99,1,Bambu 4-in-1 PTFE Adapter,6977252426640,X1/P1/H2D/H2S/P2S
Bambu Lab,,Nozzle,X1 Carbon,129.99,1,Complete Nozzle Assembly X1 Carbon,,X1C with nozzle
Bambu Lab,,Nozzle,P1S,119.99,1,Complete Nozzle Assembly P1S,,P1S with nozzle
Bambu Lab,,Nozzle,A1 Mini,89.99,1,Nozzle Assembly A1 Mini,,A1 Mini
Bambu Lab,,Nozzle,X1 Carbon,9.99,4,0.4mm Brass Nozzle 4-pack,,X1C/P1S standard
Bambu Lab,,Nozzle,X1 Carbon,9.99,4,0.6mm Brass Nozzle 4-pack,,X1C/P1S
Bambu Lab,,Nozzle,X1 Carbon,19.99,1,Hardened Steel 0.4mm Nozzle,,CF/abrasive filaments
Bambu Lab,,Nozzle,X1 Carbon,9.99,4,0.8mm Brass Nozzle 4-pack,,X1C/P1S
Bambu Lab,FAP003,Build Plate,X1 Carbon,33.99,1,Textured PEI Plate X1/P1,,X1C/P1S/P1P
Bambu Lab,FAP004,Build Plate,X1 Carbon,33.99,1,Smooth PEI Plate X1/P1,,X1C/P1S/P1P
Bambu Lab,FAP005,Build Plate,X1 Carbon,42.99,1,High-Temp Plate X1/P1,,High temp materials
Bambu Lab,FAP006,Build Plate,A1,27.99,1,Textured PEI Plate A1,,Bambu Lab A1
Bambu Lab,FAP009,Build Plate,A1 Mini,24.99,1,Textured PEI Plate A1 Mini,,A1 Mini
Bambu Lab,FAC001,Silicone Sock,X1 Carbon,2.99,3,Silicone Sock X1/P1 Series,,X1C/P1S/P1P 3pk
Bambu Lab,FAC002,Cooling Fan,X1 Carbon,14.99,1,Hotend Cooling Fan X1/P1,,X1C/P1S replacement
Bambu Lab,FAC003,Cooling Fan,X1 Carbon,9.99,1,Part Cooling Fan X1/P1,,X1C/P1S
Bambu Lab,FAC010,PTFE Tube,X1 Carbon,3.99,1,PTFE Tube X1/P1 Series,,X1C/P1S/P1P
Bambu Lab,FAC011,Filament Sensor,X1 Carbon,12.99,1,Filament Hub X1/P1,,X1C/P1S/P1P
Bambu Lab,FAC015,Purge Wiper,X1 Carbon,7.99,1,Purge Wiper X1/P1,,X1C/P1S
Bambu Lab,FAZ001,Lubricant,All Series,6.99,1,Linear Rail Lubricant Kit,,All Series
Bambu Lab,FAZ005,Desiccant,All Series,9.99,4,Desiccant Packs for AMS,,AMS/AMS Lite - 4pk
Bambu Lab,,PTFE Tube,All Series,5.99,1,AMS PTFE Tube Set,,AMS replacement set
Bambu Lab,FAT005,PTFE Tube,All Series,9.99,1,PTFE Tubing - Gray 4000mm,6975337035114,PTFE Replacement Tubing - Cut to Length
Bambu Lab,,AMS Hub,All Series,19.99,1,AMS Hub,,AMS replacement
Bambu Lab,,AMS Feeder,All Series,24.99,1,AMS Feeder Unit,,AMS replacement
Bambu Lab,FAP-COOL,Cooling Fan,A1 Mini,8.99,1,Part Cooling Fan A1 Mini,,A1 Mini replacement
Bambu Lab,FAC234,AMS Feeder,H2 Series/X1 Series/P1 Series/P2S/X2D,49.99,1,TPU Feed Assist Module,6937285511645,TPU Feed Assist Module
Bambu Lab,LGL001,Glue,All Series,16.99,1,Liquid Glue 60mL,6975337031314,Bed adhesion
E3D,,Nozzle,Generic,14.99,1,E3D V6 0.4mm Brass 1.75mm,,V6 hotend standard
E3D,,Nozzle,Generic,14.99,1,E3D V6 0.6mm Brass 1.75mm,,V6 hotend
E3D,,Nozzle,Generic,14.99,1,E3D V6 0.25mm Brass 1.75mm,,V6 hotend fine
E3D,,Nozzle,Generic,19.99,1,E3D V6 0.4mm Hardened Steel,,Abrasive filaments
E3D,,Nozzle,Generic,79.99,1,E3D Ruby Nozzle 0.4mm 1.75mm,,Long-life ruby tip
E3D,,Nozzle,Generic,29.99,1,E3D Revo 0.4mm Nozzle,,Tool-free swap
E3D,,Nozzle,Generic,29.99,1,E3D Revo 0.6mm Nozzle,,Tool-free swap
E3D,,Nozzle,Generic,29.99,1,E3D Revo 0.8mm Nozzle,,Tool-free swap
E3D,,Nozzle,Generic,29.99,1,E3D Revo 0.25mm Nozzle,,Tool-free swap
E3D,,Nozzle,Generic,49.99,1,E3D Revo Hardened 0.4mm,,Abrasive filaments
E3D,,Silicone Sock,Generic,7.99,3,E3D V6 Silicone Sock 3-pack,,V6 hotend 3pk
E3D,,Nozzle Assembly,Generic,59.99,1,E3D Revo Micro Hotend,,Direct drive
E3D,,Nozzle Assembly,Generic,79.99,1,E3D Revo Six Hotend,,Bowden/Direct
E3D,,Nozzle,Generic,39.99,1,E3D Hemisphere 0.4mm,,High flow
E3D,,Extruder Unit,Generic,39.99,1,E3D Titan Extruder,,Bowden/direct
E3D,,Heating Assembly,Generic,44.99,1,E3D Hemisphere Heat Block,,High flow
Prusa Research,,Nozzle Assembly,MK4,85.99,1,MK4 Nextruder Nozzle Assembly,,Full Nextruder assembly
Prusa Research,,Nozzle,MK4,12.99,1,Nextruder Nozzle 0.4mm Brass,,MK4/MK4S
Prusa Research,,Nozzle,MK4,12.99,1,Nextruder Nozzle 0.6mm Brass,,MK4/MK4S
Prusa Research,,Nozzle,MK4,22.99,1,Nextruder Nozzle 0.4mm Hardened,,MK4/MK4S abrasive
Prusa Research,,Nozzle,MINI+,9.99,1,MINI+ E3D Nozzle 0.4mm,,MINI+ compatible
Prusa Research,,Build Plate,MK4,29.99,1,Smooth PEI Spring Steel Sheet MK4,,MK4/MK4S
Prusa Research,,Build Plate,MK4,29.99,1,Textured PEI Spring Steel Sheet MK4,,MK4/MK4S
Prusa Research,,Build Plate,MK4,34.99,1,Satin Spring Steel Sheet MK4,,MK4/MK4S
Prusa Research,,Build Plate,MINI+,24.99,1,Textured Spring Steel Sheet MINI+,,MINI+
Prusa Research,,Build Plate,MINI+,24.99,1,Smooth PEI Sheet MINI+,,MINI+
Prusa Research,,PTFE Tube,MK4,4.99,1,PTFE Tube for MK4,,MK4 replacement
Prusa Research,,Belt,MK4,7.99,1,GT2 Belt MK4,,X/Y axis
Prusa Research,,Cooling Fan,MK4,12.99,1,Hotend Fan MK4,,MK4 replacement
Prusa Research,,Cooling Fan,MK4,9.99,1,Part Cooling Fan MK4,,MK4 replacement
Prusa Research,,Nozzle,XL,19.99,1,XL 0.4mm Nozzle,,XL high flow
Prusa Research,,Build Plate,XL,44.99,1,XL Textured PEI Plate,,XL
Prusa Research,,Build Plate,XL,44.99,1,XL Smooth PEI Plate,,XL
Creality,,Nozzle,Generic,8.99,1,Sprite Extruder 0.4mm Nozzle,,Sprite/Sprite Pro
Creality,,Nozzle,Ender-3 V3,7.99,5,Ender-3 MK8 0.4mm Nozzle 5-pack,,Ender-3 series 5pk
Creality,,Nozzle,Ender-3 V3,7.99,5,Ender-3 MK8 0.6mm Nozzle 5-pack,,Ender-3 series 5pk
Creality,,Nozzle,Ender-3 V3,7.99,5,Ender-3 MK8 0.8mm Nozzle 5-pack,,Ender-3 series 5pk
Creality,,Build Plate,Ender-3 V3,14.99,1,Tempered Glass Bed Ender-3,,Ender-3 series
Creality,,Build Plate,Ender-3 V3,18.99,1,PEI Spring Steel Magnetic Bed,,Ender-3 series
Creality,,Nozzle,K2 Plus,12.99,1,K2 Plus 0.4mm Nozzle,,K2 Plus
Creality,,Build Plate,K2 Plus,29.99,1,K2 Plus PEI Build Plate,,K2 Plus
Creality,,Nozzle Assembly,Generic,24.99,1,Spider Hotend 0.4mm,,High temp
Creality,,PTFE Tube,Ender-3 V3,3.99,1,PTFE Tube Ender-3,,Capricorn spec
Creality,,Belt,Generic,5.99,1,GT2 6mm Belt 2m,,X axis replacement
Creality,,Belt,Generic,5.99,1,GT2 6mm Belt 2m Y Axis,,Y axis replacement
Voron Design,,Nozzle Assembly,Voron 2.4 350,74.99,1,Dragon HF Hotend 0.4mm,,Voron standard
Voron Design,,Nozzle Assembly,Voron 2.4 350,74.99,1,Dragon HF Hotend 0.6mm,,Voron high flow
Voron Design,,Nozzle Assembly,Voron 2.4 350,84.99,1,Dragon Superhigh Flow Hotend,,Maximum flow
Voron Design,,Extruder Unit,Voron 2.4 350,39.99,1,Orbiter v2.0 Extruder,,Direct drive
Voron Design,,Extruder Unit,Voron 2.4 350,44.99,1,LGX Lite Extruder,,Voron Stealthburner
Voron Design,,Extruder Unit,Voron 2.4 350,35.99,1,Clockwork 2 Extruder Kit,,Stealthburner CW2
Voron Design,,Stepper Motor,Voron 2.4 350,8.99,1,MGN9H Linear Rail 300mm,,Voron axis
Voron Design,,Stepper Motor,Voron 2.4 350,10.99,1,MGN12H Linear Rail 300mm,,Voron gantry
Voron Design,,Stepper Motor,Voron 2.4 350,14.99,1,NEMA17 Stepper Motor 48mm,,Voron standard
Voron Design,,Stepper Motor,Voron 2.4 350,19.99,1,NEMA17 Stepper Motor High Torque,,AB motors
Voron Design,,Belt,Voron 2.4 350,12.99,1,20T GT2 Pulley Idler Set,,Gantry idlers
Voron Design,,Belt,Voron 2.4 350,9.99,1,2GT Belt 6mm 5m,,Voron axis belts
Voron Design,,Bed Assembly,Voron 2.4 350,14.99,4,Sexbolt Z Endstop Kit,,Z offset
Voron Design,,Silicone Sock,Voron 2.4 350,5.99,3,Dragon/Rapido Silicone Sock 3pk,,High temp sock
Slice Engineering,,Nozzle Assembly,Generic,99.99,1,Mosquito Hotend Magnum+,,High flow all-metal
Slice Engineering,,Nozzle Assembly,Generic,79.99,1,Mosquito Hotend,,Precision machined
Slice Engineering,,Nozzle Assembly,Generic,64.99,1,Copperhead Heat Break,,Bi-metal
Slice Engineering,,Nozzle,Generic,9.99,1,Mosquito 0.4mm Brass Nozzle,,Mosquito compatible
Slice Engineering,,Nozzle,Generic,9.99,1,Mosquito 0.6mm Brass Nozzle,,Mosquito compatible
Slice Engineering,,Nozzle,Generic,19.99,1,Mosquito 0.4mm Hardened Steel,,Abrasive
Slice Engineering,,Nozzle,Generic,89.99,1,Mosquito Ruby 0.4mm,,Long-life ruby
Slice Engineering,,Desiccant,All Series,24.99,1,Filament Drying Desiccant 2lb,,2lb container
Slice Engineering,,Desiccant,All Series,89.99,12,Filament Drying Desiccant Canisters,,12pk canisters
Polymaker,,Filament Dryer Base,All Series,53.79,1,Filament Dryer Base,,Dryer base only
Polymaker,PX01003,Filament Storage Box,All Series,23.99,1,Filament Storage Box,X003ZET8OX,Box only
Polymaker,,Desiccant,All Series,9.99,10,Moisture Indicator Cards,,10pk
Capricorn,,PTFE Tube,Generic,9.99,1,Capricorn XS PTFE Tube 1m,,1.75mm 2mm ID
Capricorn,,PTFE Tube,Generic,13.99,1,Capricorn XS PTFE Tube 2m,,1.75mm 2mm ID
Capricorn,,PTFE Tube,Generic,11.99,1,Capricorn TL PTFE Tube 1m,,2.85mm 3mm ID
Bondtech,,Extruder Unit,Generic,59.99,1,BMG Extruder Left,,Dual drive
Bondtech,,Extruder Unit,Generic,59.99,1,BMG Extruder Right,,Dual drive
Bondtech,,Extruder Unit,Generic,64.99,1,LGX Large Gears Extruder,,High precision
Bondtech,,Extruder Unit,Generic,44.99,1,LGX Lite Extruder,,Lightweight
Bondtech,,Nozzle,Generic,12.99,1,CHT 0.4mm Brass Nozzle,,High flow tri-channel
Bondtech,,Nozzle,Generic,12.99,1,CHT 0.6mm Brass Nozzle,,High flow tri-channel
Bondtech,,Nozzle,Generic,12.99,1,CHT 0.8mm Brass Nozzle,,High flow tri-channel
Bondtech,,Nozzle,Generic,24.99,1,CHT 0.4mm Hardened Nozzle,,High flow abrasive
Generic,,PTFE Tube,Generic,5.68,1,PTFE Tube 5m (2mm ID x 4mm OD),,1.75mm filament
Generic,,PTFE Tube,Generic,6.99,1,PTFE Tube 5m (3mm ID x 5mm OD),,2.85mm filament
Generic,,Heat Set Insert M3,Generic,8.99,100,M3 x 4.6mm Heat Set Inserts 100pk,,Most printers
Generic,,Heat Set Insert M2,Generic,7.99,100,M2 x 3.6mm Heat Set Inserts 100pk,,Small parts
Generic,,Heat Set Insert M4,Generic,9.99,100,M4 x 6.0mm Heat Set Inserts 100pk,,Large parts
Generic,,Cap Screw M3x8,Generic,7.99,100,M3 x 8mm Socket Head Cap Screw 100pk,,Standard hardware
Generic,,Cap Screw M3x12,Generic,7.99,100,M3 x 12mm Socket Head Cap Screw 100pk,,Standard hardware
Generic,,Cap Screw M3x16,Generic,7.99,100,M3 x 16mm Socket Head Cap Screw 100pk,,Standard hardware
Generic,,Cap Screw M3x20,Generic,7.99,100,M3 x 20mm Socket Head Cap Screw 100pk,,Standard hardware
Generic,,Cap Screw M4x8,Generic,8.99,100,M4 x 8mm Socket Head Cap Screw 100pk,,Standard hardware
Generic,,Cap Screw M4x12,Generic,8.99,100,M4 x 12mm Socket Head Cap Screw 100pk,,Standard hardware
Generic,,Cap Screw M5x10,Generic,8.99,100,M5 x 10mm Socket Head Cap Screw 100pk,,Standard hardware
Generic,,T-Nut M3,Generic,7.99,50,M3 T-Nut for 2020 Extrusion 50pk,,2020 extrusion
Generic,,T-Nut M4,Generic,7.99,50,M4 T-Nut for 2020 Extrusion 50pk,,2020 extrusion
Generic,,T-Nut M5,Generic,7.99,50,M5 T-Nut for 2020 Extrusion 50pk,,2020 extrusion
Generic,,Steel Ball 5mm,Generic,5.99,50,5mm Steel Balls 50pk,,Voron bed/toolhead
Generic,,Steel Ball 7.5mm,Generic,6.99,50,7.5mm Steel Balls 50pk,,Voron Z idlers
Generic,,Bearing 608ZZ,Generic,8.99,10,608ZZ Bearings 10pk,,8mm ID standard
Generic,,Bearing 625ZZ,Generic,8.99,10,625ZZ Bearings 10pk,,5mm ID idler
Generic,,Bearing 688ZZ,Generic,9.99,10,688ZZ Bearings 10pk,,8mm OD small
Generic,,Bearing F695,Generic,9.99,10,F695 Flanged Bearings 10pk,,5mm ID flanged
Generic,,GT2 Pulley 20T,Generic,7.99,2,GT2 20T Pulley 5mm Bore,,Drive pulley
Generic,,GT2 Pulley 16T,Generic,6.99,2,GT2 16T Pulley 5mm Bore,,Drive pulley
Generic,,GT2 Idler Smooth,Generic,5.99,2,GT2 Smooth Idler Pulley 5mm,,Tension idler
Generic,,GT2 Belt 2m,Generic,8.99,1,GT2 Belt 6mm 2m,,Axis replacement
Generic,,GT2 Belt 5m,Generic,14.99,1,GT2 Belt 6mm 5m,,Voron/CoreXY
Generic,,PEI Sheet 235x235,Generic,16.99,1,PEI Spring Steel Magnetic Sheet 235x235,,Ender-3 size
Generic,,PEI Sheet 300x300,Generic,22.99,1,PEI Spring Steel Magnetic Sheet 300x300,,300mm beds
Generic,,PEI Sheet 310x310,Generic,23.99,1,PEI Spring Steel Magnetic Sheet 310x310,,CR-10 size
Generic,,Thermistor NTC 100K,Generic,6.99,5,NTC 100K Thermistor with Connector 5pk,,Hotend/bed
Generic,,Heater Cartridge 24V 40W,Generic,8.99,5,24V 40W Heater Cartridge 5pk,,Most hotends
Generic,,Heater Cartridge 12V 40W,Generic,8.99,5,12V 40W Heater Cartridge 5pk,,12V systems
Generic,,Limit Switch,Generic,6.99,5,Mechanical Endstop Limit Switch 5pk,,XYZ endstops
Generic,,NEMA17 Stepper 40mm,Generic,14.99,1,NEMA17 Stepper Motor 40mm,,Standard axis
Generic,,NEMA17 Stepper 48mm,Generic,16.99,1,NEMA17 Stepper Motor 48mm,,High torque
Generic,,Stepper Driver TMC2209,Generic,9.99,1,TMC2209 Stepper Driver,,Silent stepper
Generic,,Raspberry Pi 4B 4GB,Generic,74.99,1,Raspberry Pi 4B 4GB,,Klipper host
Generic,,Raspberry Pi Zero 2W,Generic,19.99,1,Raspberry Pi Zero 2W,,Klipper compact host
Generic,,Power Supply 24V 30A,Generic,24.99,1,24V 30A Switching PSU,,24V printer standard
Generic,,AMS Cable 6-Pin,AMS,15.81,1,AMS 6-Pin Cable Replacement,,AMS cable
Generic,,Bowden Coupler PC4-M10,Generic,5.99,5,PC4-M10 Push-fit Coupler 5pk,,Bowden connection
Generic,,Bowden Coupler PC4-M6,Generic,5.99,5,PC4-M6 Push-fit Coupler 5pk,,Bowden short
Other,,Filament Storage Bags,All Series,22.14,12,Filament Vacuum Storage Bags 12pk,,Creality 12pcs
Other,,Filament Storage Bags w/ Pump,All Series,22.14,2,Vacuum Storage Bags with Electric Pump,,2pcs with pump
Other,,Filament Dryer Box,All Series,29.99,1,Filament Dryer Box with Humidity Display,,Active drying
Other,,Filament Roller Stand,All Series,19.99,1,Filament Spool Roller Stand,,Universal spool holder
Other,,Filament Scale,All Series,12.99,1,Digital Filament Scale,,Spool weight tracking
Polymaker,,Filament Storage Box,All Series,23.09,1,Filament Storage Box,,Box only
Polymaker,,Filament Dryer Base,All Series,53.79,1,Filament Dryer Base,,Dryer base
Bambu Lab,RSP001,Reusable Spool,All Series,7.99,1,Reusable Spool Low Temp (70C),6975337030829,RSP001 4pk
Bambu Lab,RSP002,Reusable Spool,All Series,7.99,1,Reusable Spool High Temp (90C),6975337038658,RSP002 High Temp 4pk
E3D,,Nozzle,Generic,5.99,1,E3D V6 0.25mm Brass 1.75mm,,V6 compatible
E3D,,Nozzle,Generic,5.99,1,E3D V6 0.4mm Brass 1.75mm,,V6 compatible
E3D,,Nozzle,Generic,5.99,1,E3D V6 0.6mm Brass 1.75mm,,V6 compatible
E3D,,Nozzle,Generic,5.99,1,E3D V6 0.8mm Brass 1.75mm,,V6 compatible
E3D,,Nozzle,Generic,19.99,1,E3D V6 0.4mm Hardened Steel 1.75mm,,Abrasive filaments
E3D,,Nozzle,Generic,15.99,1,E3D V6 0.4mm Stainless Steel 1.75mm,,Food-safe
E3D,,Nozzle,Generic,15.99,1,E3D Revo 0.25mm Brass Nozzle,,Revo ecosystem
E3D,,Nozzle,Generic,15.99,1,E3D Revo 0.4mm Brass Nozzle,,Revo ecosystem
E3D,,Nozzle,Generic,15.99,1,E3D Revo 0.6mm Brass Nozzle,,Revo ecosystem
E3D,,Nozzle,Generic,15.99,1,E3D Revo 0.8mm Brass Nozzle,,Revo ecosystem
E3D,,Nozzle,Generic,24.99,1,E3D Revo 0.4mm Hardened Steel Nozzle,,Abrasive filaments
E3D,,Nozzle,Generic,24.99,1,E3D Revo 0.6mm Hardened Steel Nozzle,,Abrasive filaments
E3D,,Nozzle,Generic,34.99,1,E3D Revo ObXidian 0.4mm Nozzle,,Tungsten coating
E3D,,Nozzle,Generic,34.99,1,E3D Revo ObXidian 0.6mm Nozzle,,Tungsten coating
E3D,,Nozzle,Generic,15.99,1,E3D Hemera 0.4mm Brass Nozzle,,Hemera/Revo Hemera
E3D,,Nozzle,Generic,19.99,1,E3D SuperVolcano 0.4mm Brass Nozzle,,High-flow
E3D,,Nozzle,Generic,9.99,1,E3D Volcano 0.4mm Brass Nozzle,,High-flow
E3D,,Nozzle,Generic,9.99,1,E3D Volcano 0.6mm Brass Nozzle,,High-flow
E3D,,Nozzle,Generic,9.99,1,E3D Volcano 0.8mm Brass Nozzle,,High-flow
E3D,,Nozzle,Generic,9.99,1,E3D Volcano 1.2mm Brass Nozzle,,High-flow
Slice Engineering,,Nozzle,Generic,29.99,1,Slice Engineering Hardened Steel 0.4mm,,Extremely wear resistant
Slice Engineering,,Nozzle,Generic,14.99,1,Slice Engineering Brass 0.4mm,,Standard brass
Slice Engineering,,Nozzle,Generic,29.99,1,Slice Engineering Hardened Steel 0.6mm,,
Slice Engineering,,Nozzle,Generic,14.99,1,Slice Engineering Brass 0.25mm,,
Slice Engineering,,Nozzle,Generic,39.99,1,Slice Engineering Vanadium 0.4mm,,Ultra high wear resistance
Slice Engineering,,Nozzle,Generic,39.99,1,Slice Engineering Vanadium 0.6mm,,Ultra high wear resistance
Slice Engineering,,Nozzle,Generic,49.99,1,Slice Engineering Tungsten 0.4mm,,Abrasive exotic filaments
Micro Swiss,,Nozzle,Ender/CR-10 Series,9.99,1,Micro Swiss 0.4mm Brass MK8,,Ender-3 / CR-10
Micro Swiss,,Nozzle,Ender/CR-10 Series,14.99,1,Micro Swiss 0.4mm Hardened Steel MK8,,Ender-3 / CR-10 abrasives
Micro Swiss,,Nozzle,Generic,9.99,1,Micro Swiss 0.4mm Brass V6,,E3D V6 compatible
Micro Swiss,,Nozzle,Generic,14.99,1,Micro Swiss 0.4mm Hardened Steel V6,,V6 abrasives
Micro Swiss,,Nozzle,Generic,14.99,1,Micro Swiss 0.4mm All-Metal Hotend BMG,,
Micro Swiss,,Nozzle,Generic,18.99,1,Micro Swiss 0.4mm Revo Compatible,,
Micro Swiss,,Nozzle,Generic,49.99,1,Micro Swiss NG Direct Drive 0.4mm,,
Phaetus,,Nozzle,Generic,14.99,1,Phaetus Rapido 0.4mm Brass,,Rapido hotend
Phaetus,,Nozzle,Generic,14.99,1,Phaetus Rapido 0.6mm Brass,,Rapido hotend
Phaetus,,Nozzle,Generic,24.99,1,Phaetus Rapido 0.4mm Hardened Steel,,Abrasives
Phaetus,,Nozzle,Generic,14.99,1,Phaetus Dragon 0.4mm Brass,,Dragon hotend
Phaetus,,Nozzle,Generic,14.99,1,Phaetus Dragon 0.6mm Brass,,Dragon hotend
CHT,,Nozzle,Generic,12.99,1,CHT 0.4mm High-Flow Brass Nozzle,,3x flow rate
CHT,,Nozzle,Generic,12.99,1,CHT 0.6mm High-Flow Brass Nozzle,,3x flow rate
CHT,,Nozzle,Generic,19.99,1,CHT 0.4mm High-Flow Hardened Steel,,Abrasive + high flow
CHT,,Nozzle,Generic,19.99,1,CHT 0.6mm High-Flow Hardened Steel,,
Generic,,Nozzle,Ender/CR-10 Series,0.99,1,MK8 0.2mm Brass Nozzle,,Ender-3 compatible
Generic,,Nozzle,Ender/CR-10 Series,0.99,1,MK8 0.3mm Brass Nozzle,,Ender-3 compatible
Generic,,Nozzle,Ender/CR-10 Series,0.99,1,MK8 0.4mm Brass Nozzle,,Ender-3 compatible
Generic,,Nozzle,Ender/CR-10 Series,0.99,1,MK8 0.5mm Brass Nozzle,,Ender-3 compatible
Generic,,Nozzle,Ender/CR-10 Series,0.99,1,MK8 0.6mm Brass Nozzle,,Ender-3 compatible
Generic,,Nozzle,Ender/CR-10 Series,0.99,1,MK8 0.8mm Brass Nozzle,,Ender-3 compatible
Generic,,Nozzle,Ender/CR-10 Series,3.99,1,MK8 0.4mm Hardened Steel Nozzle,,Abrasive filaments
E3D,,Nozzle Assembly,Voron 2.4 / Trident,74.99,1,E3D Revo Voron Hotend,,Drop-in for Voron
E3D,,Nozzle Assembly,Prusa MK3S/MK4,74.99,1,E3D Revo Prusa Hotend,,MK3S/MK4 compatible
E3D,,Nozzle Assembly,Ender/CR-10 Series,64.99,1,E3D Revo CR Hotend,,Creality compatible
E3D,,Nozzle Assembly,Generic,59.99,1,E3D Revo Micro Hotend,,Compact form factor
E3D,,Nozzle Assembly,Generic,74.99,1,E3D Revo Six Hotend,,6-way nozzle change
E3D,,Nozzle Assembly,Generic,119.99,1,E3D Revo Hemera Direct Drive,,
Phaetus,,Nozzle Assembly,Generic,59.99,1,Phaetus Rapido V2 Hotend,,High-flow hotend
Phaetus,,Nozzle Assembly,Generic,49.99,1,Phaetus Dragon BMO Hotend,,
Phaetus,,Nozzle Assembly,Generic,64.99,1,Phaetus Dragon High-Flow Hotend,,
Bambu Lab,,Nozzle Assembly,X1C/P1S,49.99,1,Bambu Lab Complete Hotend X1/P1,,X1 Carbon / P1S
Bambu Lab,,Nozzle Assembly,A1 Mini,39.99,1,Bambu Lab Complete Hotend A1 Mini,,A1 Mini
Prusa Research,,Nozzle Assembly,Prusa MK4,49.99,1,Prusa Nextruder Hotend Assembly,,MK4 / XL
Micro Swiss,,Nozzle Assembly,Ender/CR-10 Series,59.99,1,Micro Swiss All-Metal Hotend MK8,,Ender-3 / CR-10
Creality,,Nozzle Assembly,Ender/CR-10 Series,29.99,1,Creality Spider Hotend,,
Creality,,Nozzle Assembly,Creality K1 Series,34.99,1,Creality K1 Hotend Assembly,,K1 / K1 Max
Generic,,Nozzle Assembly,Ender/CR-10 Series,14.99,1,MK8 Hotend Assembly 24V,,Ender-3 replacement
Generic,,Nozzle Assembly,Generic,19.99,1,E3D V6 Clone Hotend Assembly,,V6 form factor
Bambu Lab,,Build Plate,X1C/P1S,24.99,1,Bambu High Temp Plate X1/P1,,PC/ABS printing
Bambu Lab,,Build Plate,X1C/P1S,24.99,1,Bambu Cool Plate X1/P1,,PLA/Silk printing
Bambu Lab,,Build Plate,X1C/P1S,24.99,1,Bambu Dual-Sided Texture PEI X1/P1,,Recommended all-purpose
Bambu Lab,,Build Plate,A1 Mini,24.99,1,Bambu Dual-Sided PEI A1 Mini,,A1 Mini
Bambu Lab,,Build Plate,X1C/P1S,34.99,1,Bambu Engineering Plate X1/P1,,PA/PC printing
Bambu Lab,,Build Plate,H2D,49.99,1,Bambu Dual-Sided PEI H2D Large,,H2D 320mm plate
Prusa Research,,Build Plate,Prusa MK3S/MK4,29.99,1,Prusa Smooth PEI Spring Sheet MK3S,,
Prusa Research,,Build Plate,Prusa MK3S/MK4,34.99,1,Prusa Satin PEI Spring Sheet MK3S,,Better PETG adhesion
Prusa Research,,Build Plate,Prusa MK3S/MK4,34.99,1,Prusa Powder-Coated Spring Sheet MK3S,,ASA/ABS adhesion
Prusa Research,,Build Plate,Prusa MK4,29.99,1,Prusa Smooth PEI Sheet MK4,,
Prusa Research,,Build Plate,Prusa MINI+,24.99,1,Prusa PEI Spring Sheet MINI+,,
Prusa Research,,Build Plate,Prusa XL,49.99,1,Prusa Smooth PEI Sheet XL,,Per segment
Creality,,Build Plate,Ender-3 Series,15.99,1,Creality PEI Flexible Build Plate 235x235,,
Creality,,Build Plate,CR-10 Series,19.99,1,Creality PEI Flexible Build Plate 300x300,,
Creality,,Build Plate,Ender-3 Series,12.99,1,Creality Carborundum Glass Bed 235x235,,
Creality,,Build Plate,Creality K1 Series,19.99,1,Creality PEI Plate K1 220x220,,K1/K1C
Creality,,Build Plate,Creality K1 Max,24.99,1,Creality PEI Plate K1 Max 300x300,,K1 Max
Thekkiinngg,,Build Plate,Generic,39.99,1,Ultem PEI Build Surface 235x235,,High-temp printing
Wham Bam,,Build Plate,Ender-3 Series,34.99,1,Wham Bam FlexPlate System 235x235,,Magnetic flex system
Wham Bam,,Build Plate,CR-10 Series,39.99,1,Wham Bam FlexPlate System 300x300,,
Wham Bam,,Build Plate,Prusa MK3S/MK4,34.99,1,Wham Bam FlexPlate System 254x241,,
Generic,,Build Plate,Ender-3 Series,14.99,1,Borosilicate Glass Bed 235x235mm,,
Generic,,Build Plate,CR-10 Series,19.99,1,Borosilicate Glass Bed 300x300mm,,
Generic,,Build Plate,Prusa MK3S/MK4,16.99,1,PEI Spring Steel Sheet 310x315mm,,MK3 compatible
Generic,,Build Plate,Voron 2.4 250,24.99,1,PEI Flex Plate Voron 250x250mm,,
Generic,,Build Plate,Voron 2.4 300,27.99,1,PEI Flex Plate Voron 300x300mm,,
Generic,,Build Plate,Voron 2.4 350,32.99,1,PEI Flex Plate Voron 350x350mm,,
Generic,,Build Plate,Ender-3 Series,12.99,1,Mirror Glass Build Surface 235x235mm,,PLA/PETG
Energetic,,Build Plate,Ender-3 Series,17.99,1,Energetic Dual-Texture PEI 235x235,,Smooth + texture
Energetic,,Build Plate,CR-10 Series,22.99,1,Energetic Dual-Texture PEI 300x300,,
Bondtech,,Extruder Unit,Generic,59.99,1,Bondtech BMG Extruder,,Dual-drive; universal
Bondtech,,Extruder Unit,Generic,59.99,1,Bondtech BMG-M Extruder,,Mirrored version
Bondtech,,Extruder Unit,Generic,59.99,1,Bondtech LGX Large Gears,,Large gear extruder
Bondtech,,Extruder Unit,Generic,44.99,1,Bondtech LGX Lite,,Compact lightweight
Bondtech,,Extruder Unit,Generic,39.99,1,Bondtech HextrudORT,,
Bondtech,,Extruder Unit,Prusa MK3S/MK4,34.99,1,Bondtech RIDGA V2 for Prusa,,
Orbiter,,Extruder Unit,Generic,49.99,1,Orbiter Extruder V2.0,,Ultra-lightweight direct drive
Orbiter,,Extruder Unit,Generic,44.99,1,Orbiter Extruder V1.5,,
Trianglelab,,Extruder Unit,Generic,34.99,1,Trianglelab TBG BMG Clone,,BMG compatible
Trianglelab,,Extruder Unit,Generic,44.99,1,Trianglelab Dragon Extruder,,
Phaetus,,Extruder Unit,Generic,49.99,1,Phaetus Apus Extruder,,
Creality,,Extruder Unit,Ender/K1 Series,29.99,1,Creality Sprite Extruder Pro,,Direct drive
Creality,,Extruder Unit,Ender/K1 Series,34.99,1,Creality Sprite Dual Extruder,,
Vz Bot,,Extruder Unit,Generic,39.99,1,VzBoT Extruder,,High-speed printing
Generic,,Extruder Unit,Ender/CR-10 Series,12.99,1,MK8 Extruder Arm Kit,,Ender-3 stock replacement
Capricorn,,PTFE Tube,Generic,9.99,1,Capricorn XS Series 1M PTFE 1.75mm,,Tight tolerance 1.75mm
Capricorn,,PTFE Tube,Generic,14.99,1,Capricorn XS Series 2M PTFE 1.75mm,,
Capricorn,,PTFE Tube,Generic,12.99,1,Capricorn TL Series 1M PTFE High-Temp,,Higher temp rating
Capricorn,,PTFE Tube,Ender/CR-10 Series,11.99,1,Capricorn Bowden Tube Kit Ender,,With couplers
Generic,,PTFE Tube,Generic,4.99,1,PTFE Tube 1M 2mm ID 4mm OD,,1.75mm filament
Generic,,PTFE Tube,Generic,7.99,1,PTFE Tube 2M 2mm ID 4mm OD,,
Generic,,PTFE Tube,Generic,5.99,1,PTFE Tube 1M 3mm ID 4mm OD,,2.85mm filament
Generic,,PTFE Tube,Generic,9.99,1,High-Temp PTFE Tube 1M,,For printing above 240°C
Generic,,PTFE Tube,Bambu Lab,8.99,3,PTFE Tube Kit for Bambu Lab AMS,,AMS feeder tubes
E3D,,PTFE Tube,Generic,6.99,1,E3D PTFE Tube 1M 1.75mm,,
E3D,,PTFE Tube,Generic,7.99,1,E3D PTFE Bowden Tube 1.75mm,,
eSUN,,Filament Dryer Box,-,24.99,1,eSUN eBOX Lite Filament Dryer,,
eSUN,,Filament Dryer Box,-,39.99,1,eSUN eBOX Pro Filament Dryer,,LCD display
Sunlu,,Filament Dryer Box,-,29.99,1,Sunlu FilaDryer S1 Plus,,
Sunlu,,Filament Dryer Box,-,34.99,1,Sunlu FilaDryer S2,,Dual spool
Sunlu,,Filament Dryer Box,-,59.99,1,Sunlu FilaDryer S4,,4 spool capacity
Polymaker,,Filament Dryer Box,-,44.99,1,Polymaker PolyDryer Box,,With hygrometer
Creality,,Filament Dryer Box,-,34.99,1,Creality Filament Dryer Space,,
PrintDry,,Filament Dryer Box,-,79.99,1,PrintDry PRO II Filament Dryer,,2 spool
PrintDry,,Filament Dryer Box,-,129.99,1,PrintDry PRO 5 Filament Dryer,,5 spool
Generic,,Filament Dryer Box,-,39.99,1,Food Dehydrator Filament Dryer Hack,,DIY option
Polymaker,,Filament Storage Box,-,34.99,1,Polymaker PolyBox V2 Filament Storage,,With hygrometer + rollers
eSUN,,Filament Storage Box,-,19.99,1,eSUN Filament Storage Bag,,Vacuum-seal bag
Sunlu,,Filament Storage Box,-,19.99,1,Sunlu Filament Storage Box,,With desiccant slots
Generic,,Filament Storage Box,-,69.99,1,Airtight Case Filament Storage,,Waterproof case
Generic,,Filament Storage Box,-,24.99,1,DIY Drybox Filament Container,,Food storage container
Bambu Lab,,Filament Storage Box,Bambu Lab,24.99,1,Bambu AMS Filament Humidity Buffer,,AMS compatible
Creality,,Filament Roller Stand,-,14.99,1,Creality Universal Spool Holder,,Universal fit
Generic,,Filament Roller Stand,-,9.99,1,Universal Spool Holder Roller Stand,,Ball bearing rollers
Generic,,Filament Roller Stand,-,19.99,1,Wall-Mount Spool Holder System,,
Generic,,Desiccant,-,0.99,10,Silica Gel Desiccant Packets 50g,,Orange indicating
Generic,,Desiccant,-,1.49,10,Silica Gel Desiccant Packets 100g,,
Generic,,Desiccant,-,12.99,1,Rechargeable Desiccant Container,,Reusable; oven rechargeable
Generic,,Filament Storage Box,-,7.99,1,Mini Hygrometer Thermometer,,For drybox monitoring
Gates,,Belt,Generic,7.99,1,Gates GT2 6mm Open Belt 1M,,OEM quality
Gates,,Belt,Generic,12.99,1,Gates GT2 6mm Open Belt 2M,,
Gates,,Belt,Generic,24.99,1,Gates GT2 6mm Open Belt 5M,,
Gates,,Belt,Generic,9.99,1,Gates GT2 9mm Open Belt 1M,,Wider belt; stiffer
Generic,,Belt,Ender-3 Series,3.99,2,GT2 Timing Belt Loop 188mm,,Ender-3 Z-axis
Generic,,GT2 Pulley 20T,Generic,2.99,2,GT2 20T Pulley 5mm Bore,,
Generic,,GT2 Pulley 16T,Generic,2.99,2,GT2 16T Pulley 5mm Bore,,
Generic,,GT2 Idler Smooth,Generic,2.99,2,GT2 20T Smooth Idler Pulley,,
Generic,,GT2 Idler Smooth,Generic,2.99,2,GT2 16T Smooth Idler Pulley,,
Generic,,Linear Rail,Generic,14.99,1,MGN12 Linear Rail 200mm with Carriage,,
Generic,,Linear Rail,Generic,17.99,1,MGN12 Linear Rail 300mm with Carriage,,
Generic,,Linear Rail,Generic,21.99,1,MGN12 Linear Rail 400mm with Carriage,,
Generic,,Linear Rail,Generic,25.99,1,MGN12 Linear Rail 500mm with Carriage,,
Generic,,Linear Rail,Generic,12.99,1,MGN9 Linear Rail 200mm with Carriage,,
Generic,,Linear Rail,Generic,15.99,1,MGN9 Linear Rail 300mm with Carriage,,
Misumi,,Linear Rail,Generic,24.99,1,Misumi MGN12 200mm Rail,,High precision
Generic,,Bearing 608ZZ,Generic,1.99,4,LM8UU Linear Bearing 8mm,,
Generic,,Bearing 608ZZ,Generic,5.99,10,608ZZ Bearing 10-Pack,,Standard skateboard bearing
Generic,,Bearing 625ZZ,Generic,6.99,10,625ZZ Bearing 10-Pack,,
Generic,,Bearing F695,Generic,7.99,10,F695 Flanged Bearing 10-Pack,,Voron idlers
Generic,,Bearing 688ZZ,Generic,7.99,10,688ZZ Bearing 10-Pack,,
LDO,,Stepper Motor,Generic,24.99,1,LDO 42STH40-1684A NEMA17 40mm,,High quality; Voron spec
LDO,,Stepper Motor,Generic,27.99,1,LDO 42STH48-2504A NEMA17 48mm,,
LDO,,Stepper Motor,Generic,22.99,1,LDO NEMA17 Pancake Stepper 20mm,,Extruder motor; lightweight
LDO,,Stepper Motor,Generic,24.99,1,LDO NEMA14 Round Stepper Motor,,Orbiter / compact extruders
Generic,,NEMA17 Stepper 40mm,Generic,12.99,1,NEMA17 Stepper Motor 40mm,,Standard replacement
Generic,,NEMA17 Stepper 48mm,Generic,14.99,1,NEMA17 Stepper Motor 48mm,,
Generic,,Stepper Motor,Generic,12.99,1,NEMA17 Pancake Stepper 20mm,,Direct drive extruder
Generic,,Stepper Motor,Generic,13.99,1,NEMA14 Round Stepper Motor,,
BigTreeTech,,Control Board,Ender-3 Series,34.99,1,BTT SKR Mini E3 V3 Control Board,,Ender-3 drop-in
BigTreeTech,,Control Board,Generic,59.99,1,BTT SKR V3 EZ Control Board,,32-bit; EZ driver slots
BigTreeTech,,Control Board,Generic,89.99,1,BTT Octopus Pro V1 Control Board,,8-driver board; Voron
BigTreeTech,,Control Board,Generic,79.99,1,BTT Manta M8P Control Board,,CB1/CM4 carrier
BigTreeTech,,Toolhead Board,Generic,39.99,1,BTT EBB36 CAN Toolhead Board,,CAN bus toolhead
BigTreeTech,,Toolhead Board,Generic,39.99,1,BTT EBB42 CAN Toolhead Board,,CAN bus toolhead
BigTreeTech,,Control Board,Generic,19.99,1,BTT U2C USB-CAN Adapter,,CAN bus interface
BigTreeTech,,Stepper Driver TMC2209,Generic,5.99,1,BTT TMC2209 Stepper Driver,,UART; sensorless homing
BigTreeTech,,Stepper Driver TMC2209,Generic,12.99,1,BTT TMC5160 Pro Stepper Driver,,High-current; external FETs
BigTreeTech,,Control Board,Generic,9.99,1,BTT Relay V1.2 Power Module,,Auto power-off
BigTreeTech,,Filament Sensor,Generic,14.99,1,BTT Smart Filament Sensor V2,,Runout + jam detection
BigTreeTech,,Control Board,Generic,19.99,1,BTT CB1 SBC Module,,Manta M8P carrier
Creality,,Control Board,Ender-3 Series,29.99,1,Creality V4.2.2 Silent Board,,Silent TMC2208
Creality,,Control Board,Ender-3 Series,34.99,1,Creality V4.2.7 Silent Board,,32-bit; silent
Generic,,Raspberry Pi 4B 4GB,Generic,55.0,1,Raspberry Pi 4B 4GB,,Klipper host
Generic,,Raspberry Pi 4B 4GB,Generic,35.0,1,Raspberry Pi 3B+,,Klipper host budget
Generic,,Raspberry Pi Zero 2W,Generic,15.0,1,Raspberry Pi Zero 2W,,Klipper lightweight host
Generic,,Raspberry Pi 4B 4GB,Generic,75.0,1,Raspberry Pi CM4 4GB,,BTT Manta carrier
Generic,,Raspberry Pi 4B 4GB,Generic,39.99,1,BTT Pi V1.2 SBC,,Klipper-ready SBC
Generic,,Raspberry Pi 4B 4GB,Generic,39.99,1,Orange Pi 3 LTS,,Klipper alternative SBC
Meanwell,,Power Supply 24V 30A,Generic,34.99,1,Meanwell LRS-350-24 24V 14.6A,,Standard Voron spec
Meanwell,,Power Supply 24V 30A,Generic,27.99,1,Meanwell LRS-200-24 24V 8.8A,,Smaller printers
Meanwell,,Power Supply 24V 30A,Generic,74.99,1,Meanwell UHP-500-24 24V 20.8A,,High power; no fan
Generic,,Power Supply 24V 30A,Generic,19.99,1,Generic 24V 15A Power Supply,,Budget option
Generic,,Power Supply 24V 30A,Generic,24.99,1,Generic 12V 30A Power Supply,,12V printers
Creality,,Filament Sensor,Generic,29.99,1,Creality CR Touch Auto Bed Leveling,,
Creality,,Filament Sensor,Generic,34.99,1,BLTouch Auto Bed Leveling Sensor,,Universal
Antclabs,,Filament Sensor,Generic,39.99,1,Antclabs BLTouch V3.1 Official,,Latest OEM version
Beacon3D,,Filament Sensor,Generic,69.99,1,Beacon3D Eddy Current Probe Rev H,,Voron; high speed
BigTreeTech,,Filament Sensor,Generic,39.99,1,BTT Eddy USB Eddy Current Probe,,
Cartographer,,Filament Sensor,Generic,64.99,1,Cartographer 3D CAN Probe,,High-speed bed leveling
Klicky,,Filament Sensor,Voron 2.4 / Trident,24.99,1,Klicky PCB Probe Kit,,Voron dock probe
Generic,,Filament Sensor,Generic,7.99,1,LJ12A3-4-Z/BX Inductive Probe,,12mm; Ender compatible
Generic,,Filament Sensor,Generic,6.99,1,LJ8A3-2-Z/BY Inductive Probe 8mm,,
Generic,,Toolhead Board,Generic,4.99,5,WS2812B NeoPixel LED Strip,,Voron stealthburner LEDs
Delta,,Cooling Fan,Generic,14.99,1,Delta 25x25x5mm 5V Hotend Fan,,High quality; Voron spec
Delta,,Cooling Fan,Generic,16.99,1,Delta 24V 40mm Axial Fan,,Hotend cooling
GDSTime,,Cooling Fan,Generic,8.99,1,GDSTime 40x10mm 24V Radial Fan,,Part cooling
GDSTime,,Cooling Fan,Generic,9.99,1,GDSTime 50x15mm 24V Radial Fan,,Part cooling high-flow
Sunon,,Cooling Fan,Generic,12.99,1,Sunon 25x10mm 5V Fan,,Voron toolhead
Generic,,Cooling Fan,Ender/CR-10 Series,5.99,1,40x10mm 24V Axial Fan,,Hotend cooling replacement
Generic,,Cooling Fan,Ender/CR-10 Series,5.99,1,50x15mm 24V Blower Fan,,Part cooling
Generic,,Cooling Fan,Generic,7.99,1,60x20mm 24V Axial Fan,,Electronics cooling
Bambu Lab,,Cooling Fan,X1C/P1S,12.99,1,Bambu Part Cooling Fan X1/P1,,
Creality,,Cooling Fan,Ender-3 Series,6.99,1,Creality Hotend Fan 40x10mm 24V,,
Generic,,Heater Cartridge 24V 40W,Generic,4.99,1,24V 40W Heater Cartridge 6x20mm,,Standard E3D size
Generic,,Heater Cartridge 24V 40W,Generic,6.99,1,24V 60W Heater Cartridge 6x20mm,,High power
Generic,,Heater Cartridge 12V 40W,Generic,4.99,1,12V 40W Heater Cartridge 6x20mm,,
Generic,,Heater Cartridge 24V 40W,Ender/CR-10 Series,4.99,1,24V 40W MK8 Heater Cartridge,,Creality compatible
Generic,,Thermistor NTC 100K,Generic,2.99,3,NTC 100K Thermistor B3950,,Standard hotend thermistor
Generic,,Thermistor NTC 100K,Generic,4.99,1,PT1000 RTD Temperature Sensor,,High accuracy; Prusa XL
Generic,,Thermistor NTC 100K,Generic,5.99,1,PT100 RTD Temperature Sensor,,High-temp printing
Generic,,Thermistor NTC 100K,Generic,2.99,3,NTC 100K Bed Thermistor,,Heated bed sensor
Keenovo,,Heating Assembly,Generic,29.99,1,Keenovo Silicone Heater Mat 235x235,,Custom bed heater
Keenovo,,Heating Assembly,Generic,39.99,1,Keenovo Silicone Heater Mat 300x300,,
E3D,,Silicone Sock,Generic,7.99,3,E3D V6 Silicone Sock 3-pack,,V6 hotend
E3D,,Silicone Sock,Generic,7.99,3,E3D Volcano Silicone Sock 3-pack,,Volcano hotend
E3D,,Silicone Sock,Generic,7.99,3,E3D Revo Silicone Sock,,Revo hotend
Creality,,Silicone Sock,Ender/CR-10 Series,4.99,3,Creality Spider Hotend Silicone Sock,,
Generic,,Silicone Sock,Ender/CR-10 Series,2.99,5,MK8 Silicone Sock 5-pack,,Ender-3 compatible
Phaetus,,Silicone Sock,Generic,6.99,3,Phaetus Rapido Silicone Sock,,
Generic,,Heat Set Insert M3,-,8.99,100,M3x5x4 Heat Set Inserts 100-pack,,3D printed parts
Generic,,Heat Set Insert M4,-,9.99,50,M4x6x5 Heat Set Inserts 50-pack,,
Generic,,Heat Set Insert M2,-,7.99,100,M2x3.5x3.5 Heat Set Inserts 100-pack,,
Generic,,Heat Set Insert M4,-,9.99,50,M5x7x6 Heat Set Inserts 50-pack,,
Generic,,Cap Screw M3x8,-,5.99,100,M3x8 Socket Head Cap Screws 100-pack,,
Generic,,Cap Screw M3x12,-,5.99,100,M3x12 Socket Head Cap Screws 100-pack,,
Generic,,Cap Screw M3x16,-,5.99,100,M3x16 Socket Head Cap Screws 100-pack,,
Generic,,Cap Screw M3x20,-,5.99,100,M3x20 Socket Head Cap Screws 100-pack,,
Generic,,Cap Screw M3x8,-,5.99,100,M3x25 Socket Head Cap Screws 100-pack,,
Generic,,Cap Screw M4x8,-,6.99,100,M4x8 Socket Head Cap Screws 100-pack,,
Generic,,Cap Screw M4x12,-,6.99,100,M4x12 Socket Head Cap Screws 100-pack,,
Generic,,Cap Screw M5x10,-,7.99,100,M5x10 Socket Head Cap Screws 100-pack,,
Generic,,Cap Screw M5x10,-,7.99,100,M5x16 Socket Head Cap Screws 100-pack,,
Generic,,T-Nut M3,-,6.99,50,M3 T-Nut Slide-in 50-pack,,2020 extrusion
Generic,,T-Nut M4,-,6.99,50,M4 T-Nut Slide-in 50-pack,,2020/2040 extrusion
Generic,,T-Nut M5,-,7.99,50,M5 T-Nut Slide-in 50-pack,,
Generic,,Cap Screw M3x8,-,3.99,100,M3 Hex Nuts 100-pack,,
Generic,,Cap Screw M3x8,-,3.99,100,M3 Washers 100-pack,,
Generic,,Cap Screw M3x8,-,6.99,50,M3 Brass Standoffs Assorted,,PCB mounting
Super Lube,,Lubricant,-,12.99,1,Super Lube 21030 Synthetic Grease,,Linear rails & screws
Super Lube,,Lubricant,-,9.99,1,Super Lube 92003 Silicone Oil,,Gears & extruders
Mobilgrease,,Lubricant,-,16.99,1,Mobilgrease 28 NLGI 1.5,,Voron recommended
Generic,,Lubricant,-,7.99,1,PTFE Dry Lubricant Spray,,Rails & linear bearings
Generic,,Cleaning,-,12.99,1,Isopropyl Alcohol 99% 1L,,Bed cleaning
Generic,,Cleaning,-,9.99,1,Acetone 500ml,,ABS bed adhesion; cleanup
Generic,,Glue,-,19.99,1,Magigoo PRO Bed Adhesive,,PA/PC/PEEK printing
Generic,,Glue,-,16.99,1,Magigoo PC Bed Adhesive,,Polycarbonate printing
Generic,,Glue,-,14.99,1,DimaFix Adhesive Spray,,ABS/ASA bed adhesion
Elmer's,,Glue,-,3.99,6,Disappearing Purple 0.21oz Glue Sticks,,Bed adhesion
Generic,,Bowden Coupler PC4-M10,Generic,1.99,5,PC4-M10 Pneumatic Bowden Coupler 5pk,,PTFE into hotend
Generic,,Bowden Coupler PC4-M6,Generic,1.99,5,PC4-M6 Pneumatic Bowden Coupler 5pk,,
Generic,,Bowden Coupler PC4-M10,Generic,1.99,5,PC4-01 Bowden Coupler Push-Fit 5pk,,Extruder side
Generic,,Stepper Motor,Generic,9.99,1,T8 Lead Screw 400mm + Nut,,Z-axis leadscrew
Generic,,Stepper Motor,Generic,6.99,1,T8 Anti-Backlash Spring Nut,,Reduces Z-wobble
Generic,,Stepper Motor,Generic,4.99,1,5x8mm Flexible Shaft Coupler,,Z motor to leadscrew
Bambu Lab,,AMS Feeder,Bambu Lab,12.99,1,Bambu AMS Feeder Assembly,,AMS feeder replacement
Bambu Lab,,AMS Hub,Bambu Lab,19.99,1,Bambu AMS Hub Assembly,,AMS hub replacement
Bambu Lab,,PTFE Adapter,Bambu Lab,14.99,1,Bambu AMS Buffer,,Filament buffer
Bambu Lab,,PTFE Tube,Bambu Lab,9.99,1,Bambu AMS PTFE Tube Kit,,All AMS tubes
Mosaic,,Extruder Unit,Generic,499.99,1,Mosaic Palette 3 Pro,,MMU for any printer
Mosaic,,Extruder Unit,Generic,299.99,1,Mosaic Palette 3S,,
Prusa Research,,Extruder Unit,Prusa MK3S/MK4,299.99,1,Prusa MMU3 Multi-Material Unit,,5-color for MK3S/MK4
Prusa Research,,Extruder Unit,Prusa MK3S/MK4,49.99,1,Prusa Clockwork 2 Extruder,,
ERCF,,Extruder Unit,Voron 2.4 / Trident,149.99,1,ERCF V2 Enraged Rabbit Carrot Feeder,,Voron MMU kit
Generic,,Lubricant,-,7.99,1,Flexible Spatula Print Removal Tool,,
Generic,,Lubricant,-,9.99,1,Flush Cutters for Print Cleanup,,Support removal
Generic,,Lubricant,-,12.99,1,Metal Scraper Bed Removal Tool,,
Generic,,Filament Scale,-,19.99,1,Digital Caliper 150mm,,Measuring nozzles & prints
Generic,,Filament Scale,-,19.99,1,Digital Kitchen Scale 0.1g Resolution,,Filament weighing
Generic,,Lubricant,-,8.99,1,Braided Cable Sleeve 10mm,,Cable management
Generic,,Lubricant,-,12.99,1,Drag Chain Cable Carrier 10x11mm,,
Generic,,Purge Wiper,-,4.99,1,Brass Wire Nozzle Cleaning Brush,,
Generic,,Purge Wiper,-,9.99,1,Silicone Purge Bucket,,Voron toolhead cleaner
Generic,,Purge Wiper,-,6.99,1,Nozzle Cleaning Pick Set,,Cold pull tools